<?xml version="1.0" encoding="UTF-8"?>
<!DOCTYPE configuration
 PUBLIC "-//mybatis.org//DTD Config 3.0//EN"
  "http://mybatis.org/dtd/mybatis-3-config.dtd">

<configuration>
   <settings>  
       <setting name="jdbcTypeForNull" value="NULL"/>
       <setting name="mapUnderscoreToCamelCase" value="true"/>
   </settings>
    
    <typeAliases>
	
	<typeAlias alias="MapVo" type="com.ki.matMap.map.vo.MapVo"/>
	<typeAlias alias="RestaurantVo" type="com.ki.matMap.restaurantDetail.vo.RestaurantVo"/>
	<typeAlias alias="RsImgVo" type="com.ki.matMap.restaurantDetail.vo.RsImgVo"/>
	<typeAlias alias="RsMenuVo" type="com.ki.matMap.restaurantDetail.vo.RsMenuVo"/>
	<typeAlias alias="RsReviewVo" type="com.ki.matMap.restaurantDetail.vo.RsReviewVo"/>	
	<typeAlias alias="userVo" type="com.ki.matMap.user.vo.userVo"/>	
	</typeAliases>	

   

</configuration>