<?xml version="1.0" encoding="UTF-8"?>
<beans:beans xmlns="http://www.springframework.org/schema/mvc"
	xmlns:xsi="http://www.w3.org/2001/XMLSchema-instance"
	xmlns:beans="http://www.springframework.org/schema/beans"
	xmlns:context="http://www.springframework.org/schema/context"
	xmlns:p="http://www.springframework.org/schema/p"
    xsi:schemaLocation="http://www.springframework.org/schema/mvc https://www.springframework.org/schema/mvc/spring-mvc.xsd
		http://www.springframework.org/schema/beans https://www.springframework.org/schema/beans/spring-beans.xsd
		http://www.springframework.org/schema/context https://www.springframework.org/schema/context/spring-context.xsd">
<annotation-driven />
	<!-- DispatcherServlet Context: defines this servlet's request-processing infrastructure -->
	
	<context:component-scan base-package="com.ki.matMap" />
	
	<!-- Enables the Spring MVC @Controller programming model -->

	<!-- Handles HTTP GET requests for /resources/** by efficiently serving up static resources in the ${webappRoot}/resources directory -->
<resources location="/resources/" mapping="/resources/**" cache-period="31556926"/>

	<!-- Resolves views selected for rendering by @Controllers to .jsp resources in the /WEB-INF/views directory -->
	<beans:bean class="org.springframework.web.servlet.view.InternalResourceViewResolver">
		 <beans:property name="order" value="2" />
		<beans:property name="prefix" value="/WEB-INF/views/" />
		<beans:property name="suffix" value=".jsp" />
	</beans:bean>
	
	
	<!-- @Transactional 어노테이션 활성화 -->

	<!-- 파일업로드 관련 객체 -->
	<beans:bean id="multipartResolver" class="org.springframework.web.multipart.commons.CommonsMultipartResolver">
<!--  업로드 최대 용량(단위 byte)   약 50mb -->
<beans:property name="maxUploadSize" value="52428800"/>
<beans:property name="defaultEncoding" value="UTF-8"/>
</beans:bean>
<!--    	<interceptors>
  		<interceptor>
  			<mapping path="/create/*" />
  			<exclude-mapping path="/login/*"/>
  			<beans:bean class="kr.exam.com.interceptor.LoginInterceptor"></beans:bean>
  		</interceptor>
  	</interceptors>
  -->
</beans:beans>
	
